,duration,play_pattern_name,under_pressure,shot_outcome_name,shot_first_time,distance_to_goal,shot_angle,gk_name,gk_engage,assist_type,player_name
0,0.24,Regular Play,1,Saved,1,13.45362404707371,48.01278750418334,Danijel Subašić,0.5255883312276367,Pass,Martin Braithwaite Christensen
1,0.213,Regular Play,0,Saved,0,14.866068747318506,47.72631099390627,David Ospina Ramírez,0.19026059766179765,Pass,Robert Lewandowski
2,0.667,Regular Play,0,Goal,0,13.892443989449804,30.256437163529263,Wojciech Szczęsny,0.5803340113821,Pass,Radamel Falcao García Zárate
3,0.827,From Counter,0,Goal,0,15.132745950421556,7.594643368591445,Wojciech Szczęsny,0.7388176557069271,Pass,Juan Guillermo Cuadrado Bello
4,0.453,From Corner,0,Blocked,0,8.06225774829855,60.25511870305777,David Ospina Ramírez,0.4472135954999579,Other,Grzegorz Krychowiak
5,1.547,Regular Play,0,Blocked,0,7.280109889280518,74.05460409907715,Wojciech Szczęsny,0.3071475584169756,Other,Andrés Mateus Uribe Villa
6,0.933,From Corner,0,Off T,1,8.48528137423857,45.0,Francisco Guillermo Ochoa Magaña,1.0,Other,Timo Werner
7,0.493,Regular Play,0,Saved,0,3.1622776601683795,18.43494882292201,Francisco Guillermo Ochoa Magaña,0.31622776601683794,Other,Mario Gómez García
8,0.333,Regular Play,0,Saved,0,13.416407864998739,63.43494882292202,Vladimir Stojković,0.16666666666666666,Pass,Gabriel Fernando de Jesus
9,1.8,From Throw In,0,Saved,0,10.44030650891055,73.30075576600639,Vladimir Stojković,0.7898437889919591,Other,Neymar da Silva Santos Junior
10,1.933,Regular Play,0,Goal,0,14.035668847618199,4.085616779974877,Vladimir Stojković,0.21374114996372895,Pass,José Paulo Bezzera Maciel Júnior
11,1.053,Regular Play,0,Saved,0,15.0,53.13010235415598,Vladimir Stojković,0.7211102550927979,Pass,Neymar da Silva Santos Junior
12,0.56,Regular Play,1,Saved,0,13.892443989449804,59.743562836470744,David Ospina Ramírez,0.7410956739365446,Pass,"M""Baye Babacar Niang"
13,0.453,From Throw In,0,Goal,1,6.0,0.0,Jaime Manuel Penedo Cano,0.5270462766947299,Pass,Fakhreddine Ben Youssef
14,0.453,From Counter,0,Saved,1,13.038404810405298,32.47119229084849,Jaime Manuel Penedo Cano,0.3834824944236852,Other,Fakhreddine Ben Youssef
15,0.52,From Throw In,1,Saved,0,17.08800749063506,69.44395478041653,Mathew Ryan,0.7071067811865476,Pass,Kylian Mbappé Lottin
16,0.16,Regular Play,0,Saved,0,10.295630140987,29.054604099077146,Igor Akinfeev,0.7585985091688537,Pass,Rodrigo Bentancur Colmán
17,0.533,From Corner,1,Goal,1,1.4142135623730951,45.0,Igor Akinfeev,0.7071067811865475,Other,Edinson Roberto Cavani Gómez
18,0.32,From Counter,1,Saved,0,10.63014581273465,41.18592516570965,Francisco Guillermo Ochoa Magaña,0.6023552593005889,Pass,Neymar da Silva Santos Junior
19,0.973,Regular Play,0,Off T,0,21.02379604162864,64.6538240580533,Alisson Ramsés Becker,0.8744746321952062,Other,Hirving Rodrigo Lozano Bahena
20,0.6,Regular Play,1,Blocked,0,19.4164878389476,55.4914770123316,Danijel Subašić,0.7427813527082074,Pass,Denis Cheryshev
21,0.52,From Free Kick,0,Off T,0,12.083045973594572,65.55604521958347,Danijel Subašić,0.5967950934463552,Pass,Denis Cheryshev
22,0.32,Regular Play,0,Blocked,1,18.027756377319946,70.55996517182382,Igor Akinfeev,0.8770580193070292,Other,Šime Vrsaljko
23,0.933,From Counter,0,Off T,0,15.231546211727817,66.80140948635182,Pedro David Gallese Quiróz,0.5293131528623707,Other,Antoine Griezmann
24,0.4,Regular Play,0,Saved,1,8.246211251235321,14.036243467926479,Pedro David Gallese Quiróz,0.6183469424008422,Pass,Kylian Mbappé Lottin
25,0.84,Regular Play,1,Wayward,0,6.082762530298219,9.462322208025617,Eiji Kawashima,0.6575959492214292,Cross,Romelu Lukaku Menama
26,0.973,From Counter,0,Goal,1,17.804493814764857,51.84277341263094,Thibaut Courtois,0.732309772243727,Pass,Genki Haraguchi
27,0.24,Regular Play,0,Blocked,0,10.0,36.86989764584402,Eiji Kawashima,0.7280109889280518,Cross,Romelu Lukaku Menama
28,0.16,Regular Play,0,Blocked,1,12.206555615733702,55.00797980144134,Thibaut Courtois,0.40961596025952024,Pass,Keisuke Honda
29,0.28,Regular Play,0,Saved,0,12.727922061357855,45.0,Thibaut Courtois,0.3928371006591931,Pass,Michael Amir Murillo Bermudez
30,0.12,Regular Play,1,Blocked,0,5.0,53.13010235415598,Danijel Subašić,0.282842712474619,Pass,Lionel Andrés Messi Cuccittini
31,0.693,Regular Play,0,Off T,1,10.295630140987,60.94539590092286,Wilfredo Daniel Caballero,0.7397092748646287,Cross,Mario Mandžukić
32,0.72,Regular Play,0,Goal,0,17.029386365926403,40.236358309273825,Franco Armani,0.47343207647399926,Pass,Kylian Mbappé Lottin
33,0.92,Regular Play,1,Blocked,0,16.1245154965971,29.74488129694222,Hugo Lloris,0.8320502943378438,Pass,Sergio Leonel Agüero del Castillo
34,0.18,Regular Play,0,Saved,0,11.40175425099138,74.74488129694222,Thibaut Courtois,0.3616202853397895,Pass,José Paulo Bezzera Maciel Júnior
35,1.013,From Counter,0,Off T,0,17.69180601295413,47.29061004263853,Alisson Ramsés Becker,0.723851960929756,Pass,Eden Hazard
36,3.053,From Free Kick,0,Wayward,0,17.88854381999832,63.43494882292202,Hugo Lloris,0.7766112283504533,Pass,Cristhian Ricardo Stuani Curbelo
37,2.038,From Free Kick,0,Off T,0,6.324555320336759,71.56505117707799,Hugo Lloris,0.5,Other,Diego Roberto Godín Leal
38,0.6,Regular Play,0,Saved,0,18.439088914585774,49.398705354995535,Hugo Lloris,0.806225774829855,Pass,Ante Rebić
39,0.68,Regular Play,0,Goal,1,6.708203932499369,26.565051177077994,Hugo Lloris,0.21081851067789195,Other,Mario Mandžukić
40,0.68,Regular Play,0,Goal,0,15.0,53.13010235415598,Hannes Þór Halldórsson,0.6599663291074443,Pass,Ivan Perišić
41,0.16,Regular Play,0,Saved,0,10.0,53.13010235415598,Mohamed El Shenawy,0.282842712474619,Pass,Luis Alberto Suárez Díaz
42,1.013,Regular Play,0,Off T,0,17.72004514666935,73.61045966596522,Wilfredo Daniel Caballero,0.5353729576861873,Pass,Alfreð Finnbogason
43,0.48,Regular Play,0,Saved,1,14.866068747318506,70.3461759419467,Igor Akinfeev,0.7022910149526747,Other,Iago Aspas Juncal
44,0.36,Regular Play,1,Saved,0,15.231546211727817,66.80140948635182,Igor Akinfeev,0.8304547985373997,Pass,Rodrigo Moreno Machado
45,0.16,From Throw In,0,Blocked,0,13.341664064126334,77.0053832080835,Thibaut Courtois,0.691034072884717,Pass,Saîf-Eddine Khaoui
46,1.173,Regular Play,0,Goal,1,9.433981132056603,32.005383208083494,Farouk Ben Mustapha,0.3821876708246056,Pass,Romelu Lukaku Menama
47,3.253,Regular Play,0,Wayward,0,8.06225774829855,29.74488129694222,Thibaut Courtois,0.7942098153317112,Cross,Wahbi Khazri
48,0.573,From Free Kick,0,Post,1,6.082762530298219,9.462322208025617,Farouk Ben Mustapha,0.7352146220938078,Other,Michy Batshuayi Tunga
49,0.813,From Throw In,0,Goal,1,8.602325267042627,35.53767779197438,Farouk Ben Mustapha,1.150792911137501,Cross,Michy Batshuayi Tunga
50,0.4,From Throw In,0,Blocked,0,16.278820596099706,42.510447078000844,Kasper Schmeichel,0.8687444855261388,Pass,Jefferson Agustín Farfán Guadalupe
51,0.813,Regular Play,0,Goal,0,16.97056274847714,45.0,Pedro David Gallese Quiróz,0.2946278254943948,Pass,Yussuf Yurary Poulsen
52,0.653,From Counter,1,Blocked,0,15.620499351813308,50.19442890773481,Mohammed Khalil Al Owais,0.7708840996427202,Pass,Edinson Roberto Cavani Gómez
53,0.28,From Throw In,0,Saved,0,8.48528137423857,45.0,David de Gea Quintana,0.42491829279939874,Pass,Khalid Boutaïb
54,1.133,Regular Play,0,Wayward,0,5.0,36.86989764584402,Munir Mohand Mohamedi,0.565685424949238,Cross,Diego da Silva Costa
55,0.653,Regular Play,0,Wayward,0,15.620499351813308,50.19442890773481,Munir Mohand Mohamedi,0.8612800233887493,Pass,David Josué Jiménez Silva
56,0.813,From Corner,0,Goal,1,5.656854249492381,45.0,Munir Mohand Mohamedi,0.5590169943749475,Cross,Iago Aspas Juncal
57,1.626,Regular Play,1,Goal,0,12.806248474865697,51.34019174590991,Francis Odinaka Uzoho,0.7199254703973386,Pass,Lionel Andrés Messi Cuccittini
58,0.36,From Free Kick,0,Saved,0,11.704699910719626,70.01689347810003,Franco Armani,0.38208035995043504,Pass,Odion Jude Ighalo
59,0.653,Regular Play,0,Saved,1,22.20360331117452,35.83765295427829,Eiji Kawashima,0.3631058272528683,Pass,"M""Baye Babacar Niang"
60,1.813,From Counter,0,Off T,0,13.152946437965905,8.746162262555211,Yasser Abdullah Al Mosailem,0.31347391590650286,Pass,Mohamed Salah
61,0.68,Regular Play,1,Saved,0,18.973665961010276,71.56505117707799,Łukasz Fabiański,0.8333333333333333,Pass,Takashi Usami
62,1.4,From Corner,0,Off T,1,6.324555320336759,71.56505117707799,Łukasz Fabiański,0.7071067811865475,Other,Tomoaki Makino
63,0.533,From Free Kick,0,Goal,1,8.48528137423857,45.0,Eiji Kawashima,0.6871842709362769,Pass,Jan Bednarek
64,0.693,Regular Play,0,Off T,1,11.40175425099138,15.255118703057775,Eiji Kawashima,0.533493565673837,Pass,Robert Lewandowski
65,0.28,Regular Play,0,Saved,0,15.556349186104045,45.0,Munir Mohand Mohamedi,0.36363636363636365,Pass,Sardar Azmoun
66,0.773,From Corner,1,Goal,1,13.601470508735444,17.102728969052375,Alireza Safar Beiranvand,0.7918503817180534,Other,Diego da Silva Costa
67,0.2,From Throw In,0,Saved,1,7.280109889280518,15.945395900922854,Hyun-Woo Cho,0.7397092748646286,Pass,Marcus Berg
68,0.427,From Free Kick,1,Saved,1,12.529964086141668,28.610459665965216,Munir Mohand Mohamedi,0.6865402971551156,Pass,Gonçalo Manuel Ganchinho Guedes
69,0.613,From Corner,1,Off T,0,5.656854249492381,45.0,Francisco Guillermo Ochoa Magaña,0.7499999999999999,Other,Marcus Berg
70,0.12,From Corner,0,Blocked,0,18.24828759089466,80.53767779197439,Robin Olsen,0.8920738735081282,Other,Héctor Miguel Herrera López
71,0.813,Regular Play,1,Off T,0,16.278820596099706,47.489552921999156,Francisco Guillermo Ochoa Magaña,0.6530046663995769,Other,Marcus Berg
72,0.893,Regular Play,0,Goal,0,8.94427190999916,63.43494882292202,Francisco Guillermo Ochoa Magaña,0.75,Other,Ludwig Augustinsson
73,0.44,From Free Kick,0,Off T,0,9.899494936611665,45.0,Rui Pedro dos Santos Patrício,0.5050762722761054,Other,Mehdi Taremi
74,1.373,Regular Play,0,Goal,0,17.4928556845359,30.96375653207352,Jaime Manuel Penedo Cano,0.8574929257125442,Other,Harry Kane
75,0.613,From Throw In,0,Saved,0,17.46424919657298,23.629377730656817,Thibaut Courtois,0.33387933424527133,Pass,Marcus Rashford
76,0.867,From Throw In,0,Off T,0,16.55294535724685,64.98310652189998,David Ospina Ramírez,0.7569628133071842,Pass,Danny Rose
77,0.573,Regular Play,0,Off T,1,20.0,53.13010235415598,Yann Sommer,0.8321658488546619,Pass,Marcus Berg
78,1.653,From Throw In,0,Wayward,0,15.811388300841896,71.56505117707799,Danijel Subašić,0.74027022093287,Pass,Jesse Lingard
79,0.18,Regular Play,0,Saved,1,6.082762530298219,9.462322208025617,Jordan Pickford,0.3287979746107146,Cross,Mario Mandžukić
80,0.613,From Throw In,0,Goal,0,9.219544457292887,49.398705354995535,Jordan Pickford,0.9203579866168444,Pass,Mario Mandžukić
81,1.8,From Throw In,1,Off T,0,19.313207915827967,68.74949449286676,Hyun-Woo Cho,0.8847834893669185,Pass,Marco Reus
82,0.427,Regular Play,1,Saved,0,17.88854381999832,26.565051177077994,David Ospina Ramírez,0.4506939094329986,Other,Yūya Ōsako
83,0.573,From Free Kick,0,Saved,1,8.54400374531753,20.556045219583467,Eiji Kawashima,0.8520724131552869,Pass,Radamel Falcao García Zárate
84,1.32,Regular Play,0,Off T,1,15.620499351813308,39.8055710922652,David Ospina Ramírez,0.7814446478829566,Pass,Takashi Inui
85,1.88,From Throw In,0,Wayward,0,16.1245154965971,60.25511870305777,David Ospina Ramírez,0.6385078759829887,Other,Yūya Ōsako
86,0.773,Regular Play,0,Saved,1,12.083045973594572,24.443954780416536,Eiji Kawashima,0.8640459145588002,Pass,Radamel Falcao García Zárate
87,0.427,Regular Play,0,Saved,0,10.44030650891055,73.30075576600639,David Ospina Ramírez,0.7898437889919591,Pass,Yūya Ōsako
88,0.96,Regular Play,1,Off T,0,20.248456731316587,57.094757077012105,Hugo Lloris,0.9318222378366108,Pass,Eden Hazard
89,0.373,Regular Play,0,Saved,1,14.317821063276353,65.22485943116808,Thibaut Courtois,0.4685212856658182,Pass,Benjamin Pavard
90,0.693,Regular Play,0,Goal,1,7.0710678118654755,8.130102354155978,Jordan Pickford,0.7211102550927978,Cross,Thomas Meunier
91,0.467,Regular Play,0,Goal,0,9.433981132056603,32.005383208083494,Jordan Pickford,0.678729811709616,Pass,Eden Hazard
92,0.38,Regular Play,0,Saved,0,14.0,0.0,Manuel Neuer,0.2857142857142857,Pass,Marcus Berg
93,0.973,Regular Play,1,Saved,1,23.021728866442675,55.619655276155136,Manuel Neuer,0.9038700858394816,Pass,John Guidetti
94,0.56,Regular Play,0,Saved,0,9.055385138137417,6.340191745909909,Vladimir Stojković,0.7808688094430303,Pass,Blerim Džemaili
95,0.3986,Regular Play,0,Wayward,1,10.04987562112089,5.710593137499643,Neil Leonard Dula Etheridge,1.0,Cross,Morgan Gibbs-White
96,1.0365,Regular Play,0,Goal,1,7.017834423809103,32.78428086586911,Angus Gunn,0.8411980820222843,Cross,Ayoze Pérez Gutiérrez
97,1.185678,From Corner,0,Off T,0,4.47213595499958,63.43494882292202,Ederson Santana de Moraes,0.5,Pass,Callum Wilson
98,0.9819,From Throw In,1,Saved,0,15.231546211727817,66.80140948635182,Ederson Santana de Moraes,0.9144434900811116,Pass,Eden Hazard
99,1.201248,From Free Kick,0,Goal,1,7.810249675906654,39.8055710922652,Kepa Arrizabalaga Revuelta,0.7242859683401484,Other,Sergio Leonel Agüero del Castillo
100,0.3099,Regular Play,0,Saved,1,13.152946437965905,8.746162262555211,Ederson Santana de Moraes,0.46246387142126266,Pass,Pedro Eliezer Rodríguez Ledesma
101,0.3643,Regular Play,0,Saved,0,11.313708498984761,45.0,Kepa Arrizabalaga Revuelta,0.814900300650331,Pass,Gabriel Fernando de Jesus
102,0.1656,From Counter,0,Saved,0,17.029386365926403,40.236358309273825,Marcus Bettinelli,0.37819899888632796,Pass,Raheem Shaquille Sterling
103,0.4507,From Counter,0,Saved,1,17.46424919657298,76.7594800848128,Marcus Bettinelli,0.8263091947000842,Pass,Bernardo Mota Veiga de Carvalho e Silva
104,1.177693,Regular Play,0,Wayward,1,8.602325267042627,54.46232220802562,Asmir Begović,0.744348073184887,Pass,Kyle Walker-Peters
105,1.199596,Regular Play,0,Goal,0,9.848857801796104,66.03751102542182,Asmir Begović,0.8675121437695433,Pass,Harry Kane
106,0.703574,From Corner,1,Blocked,0,16.1245154965971,60.25511870305777,Hugo Lloris,0.7770753849184479,Pass,Joshua King
107,0.335188,Regular Play,0,Off T,1,12.083045973594572,65.55604521958347,Hugo Lloris,0.7851358838853205,Pass,Junior Stanislas
108,0.6534,From Throw In,0,Off T,1,18.439088914585774,40.60129464500447,Jonas Lössl,0.8828430011649196,Pass,Joshua King
109,0.585651,Regular Play,0,Off T,1,8.54400374531753,20.556045219583467,Jonas Lössl,0.7851358838853206,Cross,Joshua King
110,0.4677,From Throw In,0,Saved,0,16.76305461424021,72.64597536373867,Łukasz Fabiański,0.6982438571056426,Pass,Dominic Calvert-Lewin
111,0.91618,From Counter,1,Off T,0,21.400934559032695,52.59464336859145,Łukasz Fabiański,0.803920524434466,Pass,Dominic Calvert-Lewin
112,0.718877,Regular Play,0,Off T,0,9.848857801796104,66.03751102542182,Asmir Begović,0.5467806435536544,Cross,James Maddison
113,0.7778,From Counter,1,Off T,0,24.413111231467404,34.99202019855866,Angus Gunn,0.590756539185648,Pass,Harry Kane
114,0.6928,Regular Play,0,Goal,0,9.219544457292887,77.47119229084849,Angus Gunn,0.3429971702850177,Pass,Harry Kane
115,0.2819,Regular Play,1,Off T,0,9.219544457292887,77.47119229084849,Hugo Lloris,0.6859943405700354,Cross,Nathan Redmond
116,0.777197,Regular Play,0,Off T,1,14.422205101855956,56.309932474020215,Mathew Ryan,0.6864064729836441,Pass,Harvey Lewis Barnes
117,0.2003,From Corner,0,Blocked,0,11.40175425099138,52.1250163489018,Jordan Pickford,0.7071067811865475,Pass,Gonzalo Gerardo Higuaín
118,0.5701,Regular Play,0,Wayward,1,10.295630140987,29.054604099077146,Kepa Arrizabalaga Revuelta,0.835531691527718,Cross,Dominic Calvert-Lewin
119,0.6769,Other,0,Goal,1,7.0,0.0,Kepa Arrizabalaga Revuelta,0.769309258162072,Other,Gylfi Þór Sigurðsson
120,0.4196,From Keeper,1,Saved,0,12.529964086141668,28.610459665965216,Sergio Rico González,0.8216807382851261,Other,Eden Hazard
121,0.603058,From Free Kick,0,Off T,0,7.211102550927978,56.309932474020215,Sergio Rico González,0.31008683647302115,Other,Gonzalo Gerardo Higuaín
122,0.459172,Regular Play,0,Off T,0,17.4928556845359,59.03624346792648,Sergio Rico González,0.6978023391872252,Pass,Willian Borges da Silva
123,0.5968,From Throw In,0,Saved,0,17.08800749063506,69.44395478041653,Sergio Rico González,0.8699708702413509,Pass,Willian Borges da Silva
124,0.1261,From Counter,0,Blocked,0,13.601470508735444,53.97262661489639,Łukasz Fabiański,0.5927489783638191,Pass,El-Hadji Baye Oumar Niasse
125,0.799607,From Throw In,0,Off T,1,8.602325267042627,54.46232220802562,Łukasz Fabiański,0.4191368221424546,Pass,El-Hadji Baye Oumar Niasse
126,0.7613,Regular Play,0,Goal,1,2.8284271247461903,45.0,Łukasz Fabiański,0.5,Pass,Víctor Camarasa Ferrando
127,1.123701,From Throw In,1,Off T,0,13.0,22.61986494804043,Łukasz Fabiański,0.7297563831157798,Other,El-Hadji Baye Oumar Niasse
128,0.4585,Regular Play,0,Saved,1,3.0,0.0,Łukasz Fabiański,1.414213562373095,Cross,El-Hadji Baye Oumar Niasse
129,0.227442,From Free Kick,1,Blocked,0,10.198039027185569,78.69006752597979,Ben Hamer,0.80860754006264,Pass,Wilfried Zaha
130,3.202523943223441,Regular Play,0,Saved,0,11.180339887498949,79.69515353123397,Vicente Guaita Panadero,0.5440588203494177,Pass,Karlan Grant
131,0.821837,Regular Play,0,Off T,0,16.0,0.0,Ben Hamer,0.6281172263200556,Pass,Wilfried Zaha
132,1.009322,Regular Play,0,Goal,0,12.206555615733702,55.00797980144134,Ben Hamer,0.295378269592824,Pass,Patrick van Aanholt
133,0.579616,Regular Play,1,Saved,0,14.773286702694158,66.03751102542182,Ben Foster,0.729857429314011,Pass,Eden Hazard
134,1.993881,Regular Play,0,Wayward,1,8.188406438373711,81.57303097851931,Bernd Leno,1.3634736530951244,Other,Pascal Groß
135,0.4923,Regular Play,0,Off T,0,5.954829972383766,49.085616779974835,Neil Leonard Dula Etheridge,0.4895985210230213,Cross,Gabriel Fernando de Jesus
136,0.2122,Regular Play,0,Saved,0,9.433981132056603,32.005383208083494,Łukasz Fabiański,0.3821876708246056,Other,Ryan Guno Babel
137,0.552712,Regular Play,0,Goal,1,5.0990195135927845,11.309932474020215,Łukasz Fabiański,1.0,Cross,Ryan Guno Babel
138,1.385243,From Counter,0,Goal,1,23.345235059857504,46.73570458892839,Vicente Guaita Panadero,0.7578337064326873,Other,Glenn Murray
139,0.724606,From Throw In,0,Goal,1,8.06225774829855,7.125016348901798,Asmir Begović,0.5114083119567588,Other,Mohamed Salah
140,1.440067,From Free Kick,0,Off T,0,7.280109889280518,15.945395900922854,Alisson Ramsés Becker,0.27472112789737807,Cross,Joshua King
141,2.36201,From Throw In,0,Wayward,0,13.038404810405298,57.52880770915151,David de Gea Quintana,0.8944271909999159,Other,Kouassi Ryan Sessegnon
142,0.711379,From Free Kick,0,Post,0,14.422205101855956,56.309932474020215,Kasper Schmeichel,0.6933752452815365,Other,Eden Hazard
143,0.840171,Regular Play,0,Saved,0,14.212670403551895,50.71059313749964,Kasper Schmeichel,0.9569961254667733,Pass,Willian Borges da Silva
144,0.6852,From Free Kick,0,Post,0,13.416407864998739,26.565051177077994,Kasper Schmeichel,0.3073181485764296,Pass,Marcos Alonso Mendoza
145,0.3916,Regular Play,0,Saved,1,6.2072538211354,2.7702157972001653,Kasper Schmeichel,0.884741021609112,Cross,Karlan Grant
146,0.584,Regular Play,0,Saved,0,10.56882207249228,69.50740523012969,Alex McCarthy,0.5459216415155401,Pass,Christian Benteke Liolo
147,0.457022,From Counter,0,Off T,0,8.48528137423857,45.0,Martin Dúbravka,0.9204467514322717,Pass,Fabián Cornelio Balbuena González
148,0.635913,From Goal Kick,0,Goal,0,16.401219466856727,52.43140797117251,Martin Dúbravka,0.6097107608496923,Pass,Javier Hernández Balcázar
149,0.3103,From Counter,0,Saved,0,9.433981132056603,57.9946167919165,Martin Dúbravka,0.711068194709966,Pass,Felipe Anderson Pereira Gomes
150,0.2603,From Counter,0,Goal,0,13.416407864998739,63.43494882292202,Martin Dúbravka,0.5676462121975467,Pass,Felipe Anderson Pereira Gomes
151,0.1834,From Counter,0,Saved,0,17.4928556845359,30.96375653207352,Neil Leonard Dula Etheridge,0.5393048054696105,Pass,Jamie Vardy
152,0.6886,From Free Kick,1,Saved,0,17.204650534085253,54.46232220802562,Rui Pedro dos Santos Patrício,0.8382736442849092,Pass,Harry Kane
153,2.4217,From Counter,1,Saved,0,21.02379604162864,25.34617594194669,Rui Pedro dos Santos Patrício,0.7684385060345174,Pass,Harry Kane
154,0.8292,From Throw In,0,Off T,0,13.0,0.0,Hugo Lloris,0.38461538461538464,Pass,Hélder Wander Sousa Azevedo Costa
155,0.6419,From Kick Off,0,Saved,1,6.082762530298219,9.462322208025617,Jordan Pickford,0.6778343894045651,Cross,Álvaro Borja Morata Martín
156,1.042014,From Goal Kick,0,Off T,0,17.804493814764857,51.84277341263094,Jordan Pickford,0.8100317398462602,Pass,Willian Borges da Silva
157,1.281505,From Throw In,0,Off T,0,19.79898987322333,45.0,Jordan Pickford,0.7178482586514922,Pass,Eden Hazard
158,0.1483,Regular Play,0,Blocked,0,15.231546211727817,66.80140948635182,David de Gea Quintana,0.9144434900811116,Other,Wilfried Zaha
159,0.6099,From Counter,0,Off T,0,10.63014581273465,41.18592516570965,David de Gea Quintana,0.798228126285287,Pass,Andros Townsend
160,1.146968,From Corner,0,Off T,0,10.63014581273465,41.18592516570965,David de Gea Quintana,0.931266147332835,Other,Wilfried Zaha
161,0.1019,From Counter,0,Blocked,0,7.615773105863909,23.198590513648185,Wayne Hennessey,0.7427813527082074,Pass,Marcus Rashford
162,1.05074,Regular Play,1,Saved,0,15.831613941730643,26.241349652157762,Łukasz Fabiański,0.7742514892825462,Pass,Ruben Loftus-Cheek
163,0.502067,From Goal Kick,0,Saved,0,11.9870763741623,70.50693808884901,Łukasz Fabiański,0.5409656977515137,Pass,Olivier Giroud
164,0.7299,From Counter,0,Goal,0,12.041594578792296,4.763641690726177,Mathew Ryan,0.5813183589761798,Pass,Chris Wood
165,0.7654,Regular Play,0,Saved,1,7.615773105863909,66.80140948635182,Tom Heaton,0.9559252603882145,Other,Pascal Groß
166,0.529957,From Corner,0,Goal,0,3.605551275463989,33.690067525979785,Alisson Ramsés Becker,0.6201736729460423,Other,Jack Cork
167,0.3918,Regular Play,0,Saved,1,9.486832980505138,71.56505117707799,Joe Hart,0.7673909622147559,Other,Mohamed Salah
168,0.744715,From Counter,1,Goal,1,12.165525060596439,9.462322208025617,Joe Hart,0.4191368221424547,Pass,Xherdan Shaqiri
169,1.5545,Regular Play,1,Saved,0,18.973665961010276,71.56505117707799,Łukasz Fabiański,0.93392838174146,Other,Wilfried Zaha
170,1.976788,From Free Kick,0,Goal,1,6.708203932499369,26.565051177077994,Łukasz Fabiański,0.4216370213557839,Pass,James McArthur
171,0.0165,Regular Play,0,Off T,1,5.385164807134504,21.80140948635181,Wayne Hennessey,0.8304547985373998,Cross,Javier Hernández Balcázar
172,0.106397,Regular Play,1,Blocked,0,13.416407864998739,63.43494882292202,Rui Pedro dos Santos Patrício,0.5,Pass,Joshua King
173,0.905071,Regular Play,1,Goal,0,16.0312195418814,3.576334374997351,Asmir Begović,0.44108109139123086,Pass,Ivan Ricardo Neves Abreu Cavaleiro
174,1.217327,Regular Play,0,Saved,0,17.804493814764857,38.15722658736906,Łukasz Fabiański,0.8573306088497379,Other,Calum Chambers
175,0.351582,From Free Kick,0,Saved,0,10.816653826391969,56.309932474020215,Jonas Lössl,0.3333333333333333,Pass,Fabian Lukas Schär
176,0.4538,From Throw In,0,Goal,0,14.422205101855956,33.690067525979785,Jonas Lössl,0.5,Pass,Nathan Redmond
177,0.54935,Regular Play,0,Off T,1,9.486832980505138,18.43494882292201,Jonas Lössl,0.5374838498865699,Pass,Pierre-Emerick Aubameyang
178,0.376168,From Throw In,0,Off T,0,10.770329614269007,68.19859051364818,Rui Pedro dos Santos Patrício,0.5872202195147036,Pass,Cyrus Christie
179,2.7211,From Keeper,0,Blocked,0,17.204650534085253,35.53767779197438,Rui Pedro dos Santos Patrício,0.6178646751164504,Pass,Aleksandar Mitrović
180,0.0066,Regular Play,0,Blocked,0,11.313708498984761,45.0,Alisson Ramsés Becker,0.625,Pass,Aaron Ramsey
181,0.5469,Regular Play,0,Saved,0,15.0,36.86989764584402,Bernd Leno,0.7601169500660919,Pass,Fábio Henrique Tavares
182,0.641563,Regular Play,0,Goal,0,12.806248474865697,51.34019174590991,Łukasz Fabiański,0.7366701614897051,Pass,Chris Wood
183,0.547,From Free Kick,0,Goal,1,9.848857801796104,66.03751102542182,Łukasz Fabiański,0.8675121437695433,Pass,Dwight McNeil
184,0.283,From Free Kick,0,Saved,0,4.242640687119285,45.0,Łukasz Fabiański,0.6666666666666667,Cross,Ashley Barnes
185,1.1293,From Counter,0,Off T,0,15.524174696260024,14.931417178137552,Łukasz Fabiański,0.25766265056033233,Pass,Chris Wood
186,0.7575,Regular Play,0,Saved,0,20.808652046684813,54.782407031807296,Łukasz Fabiański,0.8268027402969746,Pass,Ashley Barnes
187,0.1439,From Counter,0,Blocked,0,13.601470508735444,53.97262661489639,Joe Hart,0.857400218763172,Other,Bernard Anício Caldeira Duarte
188,0.916754,From Free Kick,0,Off T,1,5.385164807134504,21.80140948635181,Jordan Pickford,0.5872202195147036,Cross,James Tarkowski
189,0.4085,From Free Kick,0,Saved,0,11.180339887498949,26.565051177077994,Asmir Begović,0.282842712474619,Pass,Marcus Rashford
190,1.289689,From Throw In,0,Off T,0,14.422205101855956,56.309932474020215,Neil Leonard Dula Etheridge,0.80860754006264,Pass,Moussa Sissoko
191,0.3235,Regular Play,1,Saved,0,10.63014581273465,48.81407483429035,Angus Gunn,0.6023552593005889,Pass,Eden Hazard
192,0.2227,Regular Play,0,Blocked,0,16.401219466856727,52.43140797117251,Angus Gunn,0.8793373645782909,Pass,Álvaro Borja Morata Martín
193,0.652309,From Counter,1,Saved,0,15.0,53.13010235415598,Angus Gunn,0.7211102550927979,Pass,Álvaro Borja Morata Martín
194,0.3465,Regular Play,0,Saved,0,12.806248474865697,51.34019174590991,Kasper Schmeichel,0.9531718551058113,Pass,Raúl Alonso Jiménez Rodríguez
195,0.4683,Regular Play,1,Saved,0,13.892443989449804,59.743562836470744,Rui Pedro dos Santos Patrício,0.8697566808813968,Pass,Harvey Lewis Barnes
196,0.804277,From Counter,0,Goal,0,14.866068747318506,42.27368900609374,Kasper Schmeichel,0.4756514941544941,Pass,Diogo José Teixeira da Silva
197,0.7083,From Counter,1,Goal,0,12.806248474865697,38.659808254090095,Kasper Schmeichel,0.7366701614897051,Pass,Jamie Vardy
198,0.4296,From Free Kick,1,Saved,0,7.280109889280518,15.945395900922854,David Button,0.3071475584169756,Pass,Anthony Martial
199,0.5016,From Free Kick,0,Off T,1,13.601470508735444,53.97262661489639,David de Gea Quintana,0.7352146220938077,Pass,Glenn Murray
200,0.4711,From Free Kick,0,Off T,0,11.180339887498949,79.69515353123397,David de Gea Quintana,0.9121403400793103,Other,Lewis Dunk
201,0.5245,From Throw In,0,Goal,0,8.246211251235321,14.036243467926479,David de Gea Quintana,0.8574929257125442,Pass,Pascal Groß
202,0.49767,From Throw In,0,Goal,0,6.708203932499369,26.565051177077994,Sergio Rico González,0.9545214042184235,Other,Glenn Murray
203,0.1867,Regular Play,0,Saved,0,7.615773105863909,66.80140948635182,Mathew Ryan,0.29361010975735174,Pass,Luciano Vietto
204,0.790498,Regular Play,0,Goal,0,12.083045973594572,24.443954780416536,Kasper Schmeichel,0.5234239225902138,Pass,Marcus Rashford
205,1.472221,From Free Kick,0,Off T,0,8.602325267042627,35.53767779197438,David de Gea Quintana,1.071750273453965,Other,Harry Maguire
206,0.3195,Regular Play,0,Goal,0,9.211405973031473,20.99285337311419,Mathew Ryan,0.7622501812615293,Pass,David Brooks
207,1.0171,Regular Play,0,Post,0,15.556349186104045,45.0,Jordan Pickford,0.683331653562405,Pass,David Brooks
208,0.797928,From Throw In,0,Post,0,15.0,53.13010235415598,Vicente Guaita Panadero,0.565685424949238,Pass,Gerard Deulofeu Lázaro
209,0.481986,Regular Play,0,Blocked,1,8.602325267042627,54.46232220802562,Ben Foster,0.5812381937190965,Pass,Jordan Ayew
210,1.698335,From Counter,0,Off T,0,12.806248474865697,51.34019174590991,Ben Foster,0.7366701614897051,Pass,Wilfried Zaha
211,1.049439,From Corner,0,Off T,0,13.92838827718412,68.96248897457819,Ben Foster,0.9081532183729997,Pass,Wilfried Zaha
212,0.317,Regular Play,0,Saved,0,12.041594578792296,48.366460663429805,Kepa Arrizabalaga Revuelta,0.5872202195147035,Other,Pierre-Emerick Aubameyang
213,2.639889,From Throw In,0,Off T,0,12.806248474865697,38.659808254090095,Bernd Leno,0.28154625318573645,Pass,Pedro Eliezer Rodríguez Ledesma
214,0.436295,From Throw In,0,Wayward,0,16.76305461424021,72.64597536373867,Bernd Leno,0.6801716341904411,Pass,Eden Hazard
215,0.2198,From Free Kick,0,Blocked,1,16.401219466856727,52.43140797117251,Kepa Arrizabalaga Revuelta,0.9640373590996236,Pass,Sead Kolašinac
216,0.3774,From Throw In,0,Saved,0,11.180339887498949,26.565051177077994,Ben Foster,0.7211102550927978,Pass,Sadio Mané
217,0.42482,From Throw In,0,Goal,0,12.649110640673518,71.56505117707799,Wayne Hennessey,0.7450671110712105,Pass,Matt Doherty
218,0.0832,From Free Kick,0,Saved,0,11.180339887498949,26.565051177077994,Ben Foster,0.282842712474619,Pass,Riyad Mahrez
219,0.1937,From Throw In,0,Saved,0,8.54400374531753,69.44395478041653,Ben Foster,0.2617119612951069,Pass,Gabriel Fernando de Jesus
220,1.252892,From Counter,0,Off T,0,19.313207915827967,21.25050550713324,Ben Foster,0.27883326429273,Pass,Gabriel Fernando de Jesus
221,0.493747,From Corner,0,Blocked,0,13.45362404707371,48.01278750418334,Ederson Santana de Moraes,0.8474857191710636,Pass,Abdoulaye Doucouré
222,0.2754,From Throw In,1,Saved,0,10.63014581273465,41.18592516570965,Neil Leonard Dula Etheridge,0.6651901052377392,Pass,Roberto Maximiliano Pereyra
223,0.9351,From Free Kick,0,Saved,0,15.0,36.86989764584402,Neil Leonard Dula Etheridge,0.7601169500660919,Other,José Holebas
224,0.4653,From Throw In,0,Saved,0,6.082762530298219,9.462322208025617,Ben Foster,0.8382736442849094,Other,Souleymane Bamba
225,0.0871,From Throw In,0,Blocked,0,14.422205101855956,56.309932474020215,Neil Leonard Dula Etheridge,0.7138735074334841,Pass,Stefano Okaka Chuka
226,0.2219,From Free Kick,0,Saved,0,14.422205101855956,56.309932474020215,Martin Dúbravka,0.596463939202724,Pass,Gerard Deulofeu Lázaro
227,0.0462,Regular Play,0,Blocked,1,12.806248474865697,51.34019174590991,Martin Dúbravka,0.4417261042993862,Pass,Isaac Ajayi Success
228,0.636098,From Throw In,1,Saved,0,13.892443989449804,59.743562836470744,David de Gea Quintana,0.9019265505520245,Pass,Christian Atsu Twasam
229,1.6793,Regular Play,1,Wayward,0,10.44030650891055,73.30075576600639,David de Gea Quintana,0.7898437889919591,Pass,Christian Atsu Twasam
230,0.1697,Regular Play,0,Saved,0,18.867962264113206,32.005383208083494,Martin Dúbravka,0.1910938354123028,Other,Marcus Rashford
231,0.5595,From Free Kick,0,Goal,0,3.1622776601683795,18.43494882292201,Martin Dúbravka,0.4472135954999579,Other,Romelu Lukaku Menama
232,0.2226,From Free Kick,0,Saved,0,10.63014581273465,48.81407483429035,Neil Leonard Dula Etheridge,0.4703604341917986,Pass,Ayoze Pérez Gutiérrez
233,1.043814,Regular Play,1,Off T,0,18.439088914585774,40.60129464500447,Neil Leonard Dula Etheridge,0.8436614877321075,Pass,Christian Atsu Twasam
234,0.6675,From Kick Off,0,Goal,0,8.54400374531753,20.556045219583467,Bernd Leno,0.5852057359806528,Other,Jesse Lingard
235,0.3571,From Free Kick,0,Saved,1,6.324555320336759,18.43494882292201,David de Gea Quintana,0.5,Cross,Pierre-Emerick Aubameyang
236,1.450714,From Counter,0,Goal,0,20.223748416156685,8.530765609948133,Ben Foster,0.1977872705736595,Pass,Marcus Rashford
237,0.0702,Regular Play,0,Saved,1,6.4031242374328485,51.34019174590991,Ben Foster,0.34921514788478913,Cross,Anthony Martial
238,0.655,From Free Kick,0,Goal,0,8.06225774829855,7.125016348901798,David de Gea Quintana,0.5114083119567588,Pass,Abdoulaye Doucouré
239,0.6798,From Counter,0,Goal,0,17.08800749063506,69.44395478041653,Sergio Rico González,0.5234239225902138,Pass,Jamie Vardy
240,0.5473,From Corner,1,Goal,1,5.021951811795892,54.727578551401564,Marcus Bettinelli,0.7776109736419039,Pass,James Tarkowski
241,0.259,From Counter,0,Saved,0,15.556349186104045,45.0,Joe Hart,0.4051833581466649,Pass,Romelu Lukaku Menama
242,0.247701,From Throw In,0,Saved,1,11.225862995778993,64.11972632993114,Łukasz Fabiański,0.38716513501495375,Other,Christian Dannemann Eriksen
243,0.312599,From Counter,1,Saved,0,12.042009799032721,52.08328599975255,Hugo Lloris,0.799972415219894,Pass,Michail Antonio
244,0.393057,From Corner,0,Goal,1,5.345091205957102,17.417970792202873,Angus Gunn,0.8984099047861454,Other,Callum Wilson
245,0.75654,From Corner,1,Off T,0,11.479111463872103,71.7228903907799,Jordan Pickford,0.6892533627574107,Other,James McArthur
246,0.326265,From Counter,0,Saved,1,13.85929291125633,45.000000000000014,Kasper Schmeichel,0.7316404804180956,Pass,Alex Iwobi
247,0.322,From Counter,0,Saved,0,16.321764610482536,36.0273733851036,Bernd Leno,0.4917487334165865,Pass,Harvey Lewis Barnes
248,0.6303,Regular Play,1,Saved,0,14.09822683886169,58.33924890336338,Tom Heaton,0.7633233309330918,Other,Sergio Leonel Agüero del Castillo
249,0.1957,Regular Play,0,Saved,1,10.198039027185569,11.309932474020215,Ben Foster,0.21926450482675733,Pass,El-Hadji Baye Oumar Niasse
250,1.194753,Regular Play,1,Off T,1,17.029386365926403,49.76364169072618,Neil Leonard Dula Etheridge,0.7987058497862393,Pass,Gerard Deulofeu Lázaro
251,0.824591,From Throw In,0,Saved,1,8.06225774829855,60.25511870305777,Asmir Begović,0.6201736729460423,Pass,Yves Bissouma
252,0.1765,From Throw In,0,Saved,0,11.180339887498949,63.43494882292202,Rui Pedro dos Santos Patrício,0.4,Pass,Theo Walcott
253,0.5136,From Counter,0,Saved,1,13.601470508735444,53.97262661489639,Vicente Guaita Panadero,0.9415341132887785,Pass,Robert Snodgrass
254,0.4583,From Throw In,0,Saved,0,15.556349186104045,45.0,Łukasz Fabiański,0.7740630166330182,Pass,James McArthur
255,0.391,From Throw In,0,Saved,0,14.7648230602334,61.69924423399362,Łukasz Fabiański,0.7572281660192284,Pass,Christian Benteke Liolo
256,0.422,From Free Kick,0,Off T,0,4.242640687119285,45.0,Łukasz Fabiański,0.6666666666666667,Pass,James McArthur
257,0.498846,Regular Play,0,Off T,1,8.54400374531753,20.556045219583467,Łukasz Fabiański,0.6824612990181453,Pass,Michy Batshuayi Tunga
258,0.8652,Regular Play,0,Goal,0,10.04987562112089,84.28940686250036,Łukasz Fabiański,0.8022246296615703,Pass,Wilfried Zaha
259,0.6235,From Throw In,0,Saved,1,13.416407864998739,63.43494882292202,Łukasz Fabiański,0.93392838174146,Pass,Wilfried Zaha
260,0.4127,From Free Kick,0,Saved,0,16.15549442140351,68.19859051364818,Bernd Leno,0.8046797987672248,Pass,Heung-Min Son
261,0.4767,From Throw In,0,Saved,0,14.142135623730951,81.86989764584403,Bernd Leno,0.8602325267042626,Pass,Heung-Min Son
262,0.454694,From Throw In,1,Goal,0,11.180339887498949,63.43494882292202,Hugo Lloris,0.6449806198638839,Pass,Lucas Torreira Di Pascua
263,0.902059,From Counter,0,Goal,0,8.54400374531753,20.556045219583467,Jonas Lössl,0.23408229439226114,Pass,Leroy Sané
264,0.2718,Regular Play,0,Saved,0,15.620499351813308,39.8055710922652,Jonas Lössl,0.590220853357203,Pass,Bernardo Mota Veiga de Carvalho e Silva
265,0.9349,Regular Play,1,Wayward,1,12.083045973594572,24.443954780416536,Łukasz Fabiański,0.8439957151095541,Cross,Raúl Alonso Jiménez Rodríguez
266,0.6751,Regular Play,0,Saved,1,8.602325267042627,35.53767779197438,Łukasz Fabiański,0.7798128673650546,Cross,Leander Dendoncker
267,0.4787,Regular Play,0,Saved,0,10.770329614269007,68.19859051364818,Łukasz Fabiański,0.5872202195147036,Other,Matt Doherty
268,0.4118,From Counter,1,Saved,0,14.422205101855956,56.309932474020215,Artur Boruc,0.6933752452815365,Pass,Kenneth Dahrup Zohorè
269,0.900323,From Counter,1,Blocked,0,20.518284528683193,46.97493401088198,Alisson Ramsés Becker,0.8299615078502521,Pass,Harry Kane
270,0.538021,Regular Play,0,Saved,0,19.026297590440446,3.01278750418334,Wayne Hennessey,0.7880320267210726,Other,Ayoze Pérez Gutiérrez
271,0.5671,From Throw In,0,Post,0,7.0,0.0,Łukasz Fabiański,0.8447919681127162,Cross,El-Hadji Baye Oumar Niasse
272,0.35241,From Counter,0,Off T,0,16.735590817177627,14.534455080540127,Jordan Pickford,0.5262666470841479,Pass,Jamie Vardy
273,0.782525,From Throw In,0,Saved,0,12.592458060283548,67.1001334715344,Joe Hart,0.7585463539588362,Pass,Adama Traoré Diarra
274,1.7198,Regular Play,0,Post,0,20.223748416156685,8.530765609948133,Jonas Lössl,0.3007732496038529,Pass,Miguel Ángel Almirón Rejala
275,0.808,Regular Play,0,Off T,1,13.250283015845362,65.94970147039483,Rui Pedro dos Santos Patrício,0.8134330990428426,Other,Robert Snodgrass
276,0.392,Regular Play,0,Goal,1,7.184705978674429,34.7960262782683,Ederson Santana de Moraes,0.7686717487098285,Pass,DeAndre Yedlin
277,0.5172,Regular Play,1,Saved,1,15.811388300841896,71.56505117707799,Ben Foster,0.8,Pass,David Josué Jiménez Silva
278,1.9304,From Goal Kick,0,Goal,1,14.212670403551895,39.28940686250036,Ben Foster,0.8472436380275853,Other,Raheem Shaquille Sterling
279,0.283,From Counter,0,Saved,1,18.35755975068582,60.64224645720873,Ben Foster,0.4391791642131167,Pass,Bernardo Mota Veiga de Carvalho e Silva
280,0.86384,From Counter,0,Off T,1,14.7648230602334,61.69924423399362,Ben Foster,0.5460449959615772,Pass,Leroy Sané
281,1.421,Regular Play,0,Saved,1,14.560219778561036,15.945395900922854,Neil Leonard Dula Etheridge,0.5537181355029882,Pass,Marko Arnautović
282,0.5454,From Throw In,0,Saved,0,14.142135623730951,45.0,Jonas Lössl,0.85146931829632,Pass,Alireza Jahanbakhsh
283,0.752742,From Counter,0,Goal,1,8.54400374531753,20.556045219583467,Sergio Rico González,0.5852057359806528,Other,James Ward-Prowse
284,0.441489,From Kick Off,0,Off T,0,14.422205101855956,56.309932474020215,Angus Gunn,0.9632676758744765,Pass,Aleksandar Mitrović
285,1.05708,From Free Kick,0,Off T,1,18.867962264113206,57.9946167919165,Sergio Rico González,0.7825340571258211,Pass,Shane Long
286,0.3581,From Corner,0,Saved,0,7.280109889280518,15.945395900922854,Angus Gunn,0.7004041959724749,Pass,Romelu Lukaku Menama
287,0.269962,From Counter,0,Saved,0,12.206555615733702,55.00797980144134,Jordan Pickford,0.6604858898858136,Pass,Mohamed Salah
288,0.624759,From Free Kick,0,Wayward,1,16.1245154965971,29.74488129694222,Alisson Ramsés Becker,0.8944271909999159,Cross,Cenk Tosun
289,1.2677,From Throw In,0,Off T,1,12.007081243999314,7.6577096937138815,Neil Leonard Dula Etheridge,0.4607053589431059,Pass,Roberto Firmino Barbosa de Oliveira
290,0.900348,Regular Play,0,Off T,0,7.280109889280518,15.945395900922854,Hugo Lloris,0.8687444855261388,Other,Alexandre Lacazette
291,0.45815,From Throw In,0,Saved,1,7.280109889280518,15.945395900922854,Bernd Leno,0.835531691527718,Pass,Christian Dannemann Eriksen
292,1.200992,From Free Kick,0,Off T,1,13.92838827718412,68.96248897457819,Bernd Leno,0.6811149137797498,Other,Toby Alderweireld
293,0.171595,Regular Play,1,Blocked,0,20.518284528683193,43.025065989118026,Hugo Lloris,0.8960191718342507,Pass,Pierre-Emerick Aubameyang
294,0.597704,From Free Kick,0,Off T,1,7.211102550927978,56.309932474020215,Martin Dúbravka,0.7467879938056768,Pass,James Tarkowski
295,0.2381,From Counter,0,Saved,0,12.529964086141668,61.38954033403479,Tom Heaton,0.2877543184223316,Pass,Miguel Ángel Almirón Rejala
296,0.8787,Regular Play,0,Saved,1,9.433981132056603,32.005383208083494,Rui Pedro dos Santos Patrício,0.678729811709616,Other,Ruben Loftus-Cheek
297,2.54363,Regular Play,1,Off T,0,19.849433241279208,40.91438322002513,Martin Dúbravka,0.21374114996372892,Pass,Gerard Deulofeu Lázaro
298,0.1642,Regular Play,0,Blocked,0,13.601470508735444,53.97262661489639,Martin Dúbravka,0.7815438636511778,Pass,Isaac Ajayi Success
299,0.2944,From Throw In,0,Saved,0,7.810249675906654,39.8055710922652,Asmir Begović,0.28629916715693415,Pass,Robert Kenedy Nunes do Nascimento
300,1.0912,From Throw In,0,Off T,0,19.235384061671343,62.10272896905237,Asmir Begović,0.5623310557102607,Pass,Ayoze Pérez Gutiérrez
301,0.681,From Corner,0,Saved,0,3.605551275463989,56.309932474020215,Martin Dúbravka,1.0,Other,Nathan Aké
302,0.1766,From Counter,0,Saved,0,14.212670403551895,50.71059313749964,Asmir Begović,0.507371404963127,Pass,José Salomón Rondón Giménez
303,1.096177,Regular Play,0,Goal,1,5.656854249492381,45.0,Łukasz Fabiański,0.5590169943749475,Other,David Josué Jiménez Silva
304,0.2412,Regular Play,0,Goal,1,4.242640687119285,45.0,Łukasz Fabiański,0.8498365855987975,Cross,Raheem Shaquille Sterling
305,0.818463,From Free Kick,0,Goal,0,17.46424919657298,23.629377730656817,Joe Hart,0.46164353574848277,Other,Marko Arnautović
306,0.1518,Regular Play,0,Saved,0,12.041594578792296,48.366460663429805,Joe Hart,0.7143842296595068,Pass,Marko Arnautović
307,1.488868,Regular Play,0,Goal,0,12.206555615733702,34.99202019855866,Łukasz Fabiański,0.40961596025952024,Pass,Johann Berg Guðmunds­son
308,0.5552,Regular Play,0,Goal,0,9.486832980505138,18.43494882292201,Joe Hart,0.5374838498865699,Pass,Javier Hernández Balcázar
309,1.0137,Regular Play,1,Off T,0,13.038404810405298,32.47119229084849,Jordan Pickford,0.6183469424008422,Pass,Sadio Mané
310,0.3859,Regular Play,0,Saved,0,8.94427190999916,26.565051177077994,Jordan Pickford,0.5590169943749475,Other,Xherdan Shaqiri
311,0.6152,Regular Play,0,Off T,0,13.892443989449804,30.256437163529263,Jordan Pickford,0.41972110157675935,Other,Sadio Mané
312,0.3551,From Corner,0,Post,0,3.605551275463989,33.690067525979785,Jordan Pickford,0.6201736729460423,Other,Divock Okoth Origi
313,0.552803,From Free Kick,0,Goal,1,4.47213595499958,26.565051177077994,Asmir Begović,0.9486832980505137,Pass,Pierre-Emerick Aubameyang
314,0.497869,Regular Play,0,Blocked,0,12.649110640673518,71.56505117707799,Asmir Begović,0.8253787009609589,Pass,Henrikh Mkhitaryan
315,0.1983,From Counter,0,Blocked,0,11.806777714516354,88.05851360908561,Wilfredo Daniel Caballero,0.6357363358073145,Other,Jamie Vardy
316,0.434654,Regular Play,0,Goal,1,5.0,36.86989764584402,Hugo Lloris,0.447213595499958,Cross,Jamie Vardy
317,0.981564,From Corner,0,Goal,0,18.439088914585774,12.528807709151511,Kasper Schmeichel,0.5530663187549721,Other,Heung-Min Son
318,0.222348,From Corner,0,Off T,1,10.762899237658969,48.012787504183336,David de Gea Quintana,0.8413518456488913,Other,Richarlison de Andrade
319,0.1234,Regular Play,0,Blocked,0,11.180339887498949,63.43494882292202,David de Gea Quintana,0.6449806198638839,Pass,Raheem Shaquille Sterling
320,0.531969,Regular Play,0,Goal,0,5.0,0.0,David de Gea Quintana,0.8246211251235321,Cross,İlkay Gündoğan
321,1.360017,From Counter,0,Goal,0,16.278820596099706,42.510447078000844,Wayne Hennessey,0.6142951168339512,Pass,Cenk Tosun
322,0.237726,From Free Kick,0,Post,1,7.211102550927978,33.690067525979785,Rui Pedro dos Santos Patrício,0.80860754006264,Pass,Pierre-Emerick Aubameyang
323,3.098465,Regular Play,0,Off T,0,19.849433241279208,40.91438322002513,Jordan Pickford,0.21374114996372892,Pass,José Salomón Rondón Giménez
324,0.676925,Regular Play,0,Goal,1,10.0,0.0,Jordan Pickford,0.8,Other,Ayoze Pérez Gutiérrez
325,0.4927,Regular Play,0,Goal,1,16.1245154965971,60.25511870305777,Jordan Pickford,0.3616202853397895,Pass,Gabriel Fernando de Jesus
326,0.3751,Regular Play,0,Off T,1,9.899494936611665,45.0,Jordan Pickford,0.6776309271789385,Cross,İlkay Gündoğan
327,0.940471,Regular Play,0,Saved,1,10.0,36.86989764584402,Ederson Santana de Moraes,0.6708203932499369,Cross,Dominic Calvert-Lewin
328,1.290683,From Free Kick,0,Off T,1,13.038404810405298,57.52880770915151,Łukasz Fabiański,0.7235533233734095,Pass,Ayoze Pérez Gutiérrez
329,1.480822,From Throw In,1,Saved,0,17.08800749063506,69.44395478041653,Łukasz Fabiański,0.7959658559483671,Pass,José Salomón Rondón Giménez
330,0.43682,From Throw In,1,Off T,0,11.180339887498949,79.69515353123397,Martin Dúbravka,0.6324555320336759,Cross,Javier Hernández Balcázar
331,0.2218,Regular Play,0,Saved,0,12.727922061357855,45.0,Alex McCarthy,0.7243558228002943,Pass,Sergio Leonel Agüero del Castillo
332,0.305,Regular Play,0,Saved,0,9.055385138137417,6.340191745909909,Ederson Santana de Moraes,0.44172610429938614,Other,Daniel William John Ings
333,0.711613,Regular Play,0,Goal,1,14.866068747318506,70.3461759419467,Alex McCarthy,0.7022910149526747,Pass,Raheem Shaquille Sterling
334,0.600848,Regular Play,0,Saved,1,17.189822570346674,43.34996060442211,Joe Hart,0.8860220237477413,Pass,Riyad Mahrez
335,0.8052,From Free Kick,0,Off T,1,13.038404810405298,32.47119229084849,Kepa Arrizabalaga Revuelta,0.7235533233734095,Pass,Heung-Min Son
336,0.618449,From Corner,0,Saved,1,7.810249675906654,50.19442890773481,Kepa Arrizabalaga Revuelta,0.6401843996644799,Cross,Toby Alderweireld
337,0.341232,Regular Play,0,Off T,1,6.708203932499369,26.565051177077994,Kepa Arrizabalaga Revuelta,0.7453559924999299,Cross,Harry Kane
338,2.044205,From Free Kick,0,Wayward,0,15.41492782986674,44.99999999999998,Marcus Bettinelli,0.8723318645517296,Pass,Callum Paterson
339,0.6421,From Counter,0,Goal,0,9.219544457292887,49.398705354995535,Mathew Ryan,0.7821538888750429,Pass,Richarlison de Andrade
340,0.9486,Regular Play,0,Saved,1,15.811388300841896,18.43494882292201,Łukasz Fabiański,0.9633275663033837,Cross,Steve Mounié
341,0.4857,From Goal Kick,0,Off T,0,13.45362404707371,41.987212495816664,Łukasz Fabiański,0.6852833426171311,Pass,Alex Pritchard
342,0.4743,Regular Play,0,Off T,1,16.1245154965971,60.25511870305777,Hugo Lloris,0.7570184430229709,Pass,Andros Townsend
343,0.5355,From Throw In,1,Saved,0,16.278820596099706,42.510447078000844,Neil Leonard Dula Etheridge,0.6142951168339512,Other,Theo Walcott
344,0.357794,From Corner,0,Goal,1,4.0,0.0,Jordan Pickford,0.7071067811865476,Cross,Andre Gray
345,0.3388,Regular Play,0,Saved,0,7.211102550927978,56.309932474020215,Joe Hart,0.5,Other,DeAndre Yedlin
346,1.0288,Regular Play,0,Goal,0,16.0312195418814,3.576334374997351,Ben Foster,0.6889906902173829,Pass,James Maddison
347,1.0167,Regular Play,1,Off T,0,16.15549442140351,68.19859051364818,Ben Foster,0.7479217694251697,Other,Ricardo Domingos Barbosa Pereira
348,1.128316,From Counter,0,Off T,0,14.7648230602334,28.300755766006375,Kasper Schmeichel,0.48839749189747395,Pass,Isaac Ajayi Success
349,0.7341,From Corner,0,Post,0,14.7648230602334,61.69924423399362,Ben Foster,0.6772854614785964,Pass,Demarai Gray
350,1.432554,From Throw In,0,Off T,1,14.866068747318506,47.72631099390627,Rui Pedro dos Santos Patrício,0.7150609884440419,Pass,Eden Hazard
351,0.975593,Regular Play,0,Goal,0,16.64331697709324,57.264773727892404,Kepa Arrizabalaga Revuelta,0.8871322393579794,Pass,Raúl Alonso Jiménez Rodríguez
352,1.188774,Regular Play,1,Wayward,1,8.602325267042627,35.53767779197438,Ben Hamer,0.6260126930757011,Cross,Alexandre Lacazette
353,1.0955,Regular Play,0,Wayward,1,36.05551275463989,56.309932474020215,Ben Hamer,0.5159010042186836,Pass,Ainsley Maitland-Niles
354,1.307072,From Counter,1,Off T,0,16.64331697709324,57.264773727892404,Bernd Leno,0.8347160610213965,Pass,Laurent Depoitre
355,0.4713,From Free Kick,0,Post,1,4.123105625617661,14.036243467926479,Tom Heaton,0.6859943405700354,Pass,Sadio Mané
356,0.712,Regular Play,0,Goal,0,10.0,53.13010235415598,Alisson Ramsés Becker,0.7810249675906654,Pass,Johann Berg Guðmunds­son
357,0.3593,From Throw In,0,Saved,1,14.422205101855956,56.309932474020215,Wayne Hennessey,0.5,Pass,Chris Wood
358,0.713194,From Corner,0,Off T,0,6.046486583132388,34.21570213243739,Bernd Leno,0.9728255222380443,Other,Martin Kelly
359,0.763425,From Free Kick,0,Goal,1,10.33247308247159,75.4257838019613,Vicente Guaita Panadero,0.6221977268040803,Pass,Mesut Özil
360,1.1601,From Free Kick,0,Goal,1,15.402921800749363,35.75388725443675,Bernd Leno,0.4610886462775106,Pass,Wilfried Zaha
361,0.460343,From Free Kick,0,Saved,1,14.676852523616907,61.514163910233044,Bernd Leno,0.7928232941979246,Pass,Scott Dann
362,0.544071,From Counter,0,Saved,0,10.295630140987,29.054604099077146,Jordan Pickford,0.21718612138153467,Pass,Gabriel Fernando de Jesus
363,0.1664,From Counter,0,Blocked,0,16.76305461424021,72.64597536373867,Martin Dúbravka,0.7378915813079348,Pass,Raúl Alonso Jiménez Rodríguez
364,0.0398,From Counter,0,Blocked,0,12.727922061357855,45.0,Rui Pedro dos Santos Patrício,0.6136311676215145,Pass,José Salomón Rondón Giménez
365,1.211298,From Free Kick,0,Off T,1,11.661903789690601,30.96375653207352,David de Gea Quintana,0.8445325891388957,Pass,Pierre-Emerick Aubameyang
366,0.3934,From Goal Kick,0,Post,0,3.605551275463989,33.690067525979785,Bernd Leno,0.8320502943378437,Cross,Romelu Lukaku Menama
367,0.1418,Regular Play,0,Saved,0,9.055385138137417,6.340191745909909,Bernd Leno,0.22086305214969307,Pass,Romelu Lukaku Menama
368,0.998382,Regular Play,0,Goal,1,14.0,0.0,Joe Hart,0.4344830378784442,Pass,Álvaro Borja Morata Martín
369,0.2528,Regular Play,0,Saved,0,9.219544457292887,40.60129464500447,Joe Hart,0.6945163361480208,Pass,Álvaro Borja Morata Martín
370,1.424741,Regular Play,0,Off T,1,21.213203435596427,45.0,Joe Hart,0.9357112565078799,Pass,Olivier Giroud
371,0.1414,From Throw In,0,Blocked,0,17.88854381999832,63.43494882292202,Kepa Arrizabalaga Revuelta,0.875,Pass,Max Meyer
372,0.3546,From Counter,0,Saved,0,21.213203435596427,8.130102354155978,Wayne Hennessey,0.38873012632302,Pass,Álvaro Borja Morata Martín
373,0.6753,From Goal Kick,1,Saved,0,13.038404810405298,32.47119229084849,Jordan Pickford,0.7896387856258745,Pass,Christian Atsu Twasam
374,1.489362,From Counter,0,Off T,0,8.54400374531753,20.556045219583467,Tom Heaton,0.8913588210957503,Pass,Marcus Rashford
375,0.559839,From Free Kick,0,Goal,1,9.055385138137417,6.340191745909909,Alisson Ramsés Becker,0.7808688094430303,Pass,Harry Maguire
376,0.5436,From Free Kick,0,Goal,1,4.0607881008493925,37.99873244250464,Kasper Schmeichel,0.7346570921568757,Other,Fabián Cornelio Balbuena González
377,0.893451,Regular Play,0,Goal,0,4.123105625617661,14.036243467926479,Martin Dúbravka,0.7276068751089989,Cross,Diogo José Teixeira da Silva
378,0.243023,From Throw In,0,Goal,0,7.280109889280518,15.945395900922854,David de Gea Quintana,0.7004041959724749,Pass,Sadio Mané
379,0.1011,From Throw In,0,Blocked,1,9.848857801796104,66.03751102542182,David de Gea Quintana,0.3210806495339678,Other,Naby Deco Keïta
380,0.8476,From Throw In,0,Saved,0,10.63014581273465,41.18592516570965,Hugo Lloris,0.6783634653712141,Other,Ryan Guno Babel
381,1.126409,From Free Kick,0,Off T,1,14.0,0.0,Jordan Pickford,0.6428571428571429,Pass,Troy Deeney
382,0.1868,From Free Kick,0,Saved,0,7.280109889280518,74.05460409907715,Jonas Lössl,0.5663521139548542,Other,Ashley Barnes
383,0.1544,From Counter,0,Saved,0,12.165525060596439,9.462322208025617,Jonas Lössl,0.2599376224550182,Pass,Ashley Barnes
384,1.134654,From Throw In,0,Goal,0,9.219544457292887,12.528807709151511,Kasper Schmeichel,0.485071250072666,Pass,Bernardo Mota Veiga de Carvalho e Silva
385,0.2506,From Counter,0,Saved,0,6.708203932499369,63.43494882292202,Ederson Santana de Moraes,0.5374838498865699,Cross,Hamza Choudhury
386,0.872725,From Corner,0,Off T,1,14.866068747318506,70.3461759419467,Artur Boruc,0.8508712596230341,Cross,Mohamed Salah
387,2.41485,From Counter,0,Goal,0,15.811388300841896,55.30484646876604,Artur Boruc,0.7720103626247513,Pass,Georginio Wijnaldum
388,0.2557,From Free Kick,0,Saved,1,9.899494936611665,45.0,Rui Pedro dos Santos Patrício,0.22587697572631282,Pass,Raheem Shaquille Sterling
389,0.720359,From Corner,0,Off T,1,8.54400374531753,69.44395478041653,Ben Foster,0.7402332101976054,Pass,Sadio Mané
390,1.120951,Regular Play,0,Goal,0,11.40175425099138,15.255118703057775,Ben Foster,0.3922322702763681,Cross,Sadio Mané
391,0.364547,From Keeper,0,Off T,1,6.4031242374328485,38.659808254090095,Alisson Ramsés Becker,0.6625891564490792,Pass,Troy Deeney
392,0.5703,Regular Play,0,Saved,0,18.384776310850235,67.61986494804043,Alisson Ramsés Becker,0.8031005006854269,Pass,Andre Gray
393,0.2276,From Free Kick,0,Saved,1,9.219544457292887,12.528807709151511,Alisson Ramsés Becker,0.5423261445466404,Pass,Andre Gray
394,0.6593,From Throw In,0,Wayward,0,13.92838827718412,68.96248897457819,Artur Boruc,0.7495703236542205,Pass,Henrikh Mkhitaryan
395,0.3031,Regular Play,0,Saved,1,19.4164878389476,34.5085229876684,Bernd Leno,0.5570860145311556,Pass,Ryan Fraser
396,0.4988,From Corner,1,Off T,1,7.615773105863909,66.80140948635182,Artur Boruc,0.7071067811865475,Pass,Alex Iwobi
397,0.7115,From Counter,0,Saved,1,14.866068747318506,47.72631099390627,Artur Boruc,0.7150609884440419,Pass,Alexandre Lacazette
398,0.413975,From Throw In,0,Off T,0,11.180339887498949,63.43494882292202,Jordan Pickford,0.6811754546370561,Pass,Kenneth Dahrup Zohorè
399,0.867,Regular Play,0,Off T,1,12.041594578792296,48.366460663429805,Łukasz Fabiański,0.7656414934887764,Pass,Riyad Mahrez
400,0.597562,Regular Play,0,Saved,1,7.211102550927978,56.309932474020215,Ederson Santana de Moraes,0.80860754006264,Pass,Andy Carroll
401,0.499344,From Throw In,0,Blocked,0,13.038404810405298,57.52880770915151,Mathew Ryan,0.8944271909999159,Pass,Alex Pritchard
402,0.968964,Regular Play,1,Off T,0,16.1245154965971,60.25511870305777,Joe Hart,0.7493587001820033,Pass,Patrick van Aanholt
403,1.996956,From Corner,0,Off T,0,10.816653826391969,33.690067525979785,Joe Hart,0.7952852522702986,Pass,Luka Milivojević
404,0.660635,Regular Play,0,Off T,1,13.416407864998739,63.43494882292202,Joe Hart,0.8027729719194863,Pass,Patrick van Aanholt
405,0.943114,From Counter,0,Saved,0,20.0,53.13010235415598,Joe Hart,0.7810249675906654,Pass,Wilfried Zaha
406,0.7899,Regular Play,0,Off T,0,14.560219778561036,15.945395900922854,Joe Hart,0.6332009130018805,Pass,Lucas Rodrigues Moura da Silva
407,0.1265,From Counter,0,Off T,0,6.082762530298219,80.53767779197439,Joe Hart,1.3254270092150517,Other,Bamidele Alli
408,1.5574,Regular Play,0,Wayward,1,16.97056274847714,45.0,Alex McCarthy,0.7546154281781181,Pass,Manolo Gabbiadini
409,0.5063,From Free Kick,1,Goal,1,4.47213595499958,26.565051177077994,Alex McCarthy,0.6708203932499369,Cross,Heung-Min Son
410,0.5832,Regular Play,0,Goal,0,12.041594578792296,41.6335393365702,Hugo Lloris,0.5317505248607237,Pass,Charlie Austin
411,0.63471,Regular Play,1,Off T,0,17.204650534085253,35.53767779197438,Neil Leonard Dula Etheridge,0.9533015177706285,Pass,Max Meyer
412,0.4109,From Throw In,0,Saved,0,13.601470508735444,53.97262661489639,Neil Leonard Dula Etheridge,0.89744381740887,Pass,Patrick van Aanholt
413,0.928506,From Counter,0,Goal,1,13.416407864998739,26.565051177077994,Jonas Lössl,0.3333333333333333,Pass,Ryan Fraser
414,0.5578,Regular Play,0,Saved,0,13.416407864998739,63.43494882292202,Joe Hart,0.8333333333333334,Pass,Ainsley Maitland-Niles
415,0.3141,From Counter,0,Saved,0,19.209372712298546,38.659808254090095,Bernd Leno,0.4197043739557823,Pass,Ashley Westwood
416,1.1853,From Counter,0,Goal,0,10.770329614269007,21.80140948635181,Alex McCarthy,0.38282074674438826,Other,Callum Paterson
417,1.116011,Regular Play,0,Off T,0,13.038404810405298,85.60129464500447,Kasper Schmeichel,0.8471405189362208,Pass,Aboubakar Kamara
418,0.883163,From Counter,0,Saved,1,17.69180601295413,42.70938995736147,Kasper Schmeichel,0.9592329203729179,Pass,Tom Cairney
419,1.17984,From Corner,0,Off T,1,8.602325267042627,35.53767779197438,Kasper Schmeichel,0.7071067811865475,Pass,Denis Odoi
420,0.817994,Regular Play,0,Saved,0,18.35755975068582,60.64224645720873,Neil Leonard Dula Etheridge,0.8526446899846679,Pass,Marcus Rashford
421,0.306383,Regular Play,0,Saved,0,15.556349186104045,45.0,Neil Leonard Dula Etheridge,0.18181818181818182,Pass,Marcus Rashford
422,0.386,From Throw In,1,Saved,1,10.0,36.86989764584402,Alex McCarthy,0.42426406871192845,Pass,Pierre-Emerick Aubameyang
423,1.532461,Regular Play,0,Off T,0,7.810249675906654,50.19442890773481,Alex McCarthy,0.6401843996644799,Other,Pierre-Emerick Aubameyang
424,1.001497,From Counter,0,Off T,1,9.219544457292887,49.398705354995535,Mathew Ryan,0.6945163361480208,Cross,Chris Wood
425,0.989549,From Counter,1,Off T,0,19.4164878389476,34.5085229876684,Ben Foster,0.6006186024177838,Pass,N'Golo Kanté
426,0.7192,Regular Play,0,Off T,0,10.295630140987,29.054604099077146,Kepa Arrizabalaga Revuelta,0.7830756969602691,Cross,Troy Deeney
427,0.5483,Regular Play,0,Blocked,0,18.788294228055936,64.79887635452492,Hugo Lloris,0.7140833383886688,Pass,Raúl Alonso Jiménez Rodríguez
428,1.417521,From Counter,0,Goal,0,11.180339887498949,26.565051177077994,Hugo Lloris,0.5215361924162119,Pass,Hélder Wander Sousa Azevedo Costa
429,0.574646,From Throw In,0,Saved,1,17.88854381999832,63.43494882292202,Vicente Guaita Panadero,0.8003905296791061,Pass,Willian Borges da Silva
430,0.316022,From Throw In,0,Saved,1,15.652475842498529,63.43494882292202,Łukasz Fabiański,0.7142857142857143,Pass,Roberto Maximiliano Pereyra
431,0.3694,From Goal Kick,0,Saved,1,10.816653826391969,33.690067525979785,Łukasz Fabiański,0.6666666666666666,Pass,Troy Deeney
432,1.026778,From Kick Off,0,Off T,0,8.602325267042627,35.53767779197438,David de Gea Quintana,0.5812381937190965,Cross,Laurent Depoitre
433,0.093,From Throw In,0,Blocked,0,11.661903789690601,59.03624346792648,Jonas Lössl,0.7669649888473704,Pass,Marcus Rashford
434,0.7564,From Free Kick,0,Goal,0,6.324555320336759,18.43494882292201,David de Gea Quintana,0.6519202405202649,Pass,Mathias Jattah-Njie Jørgensen
435,0.864559,From Throw In,0,Off T,0,11.704699910719626,70.01689347810003,Łukasz Fabiański,0.8105148404374487,Pass,Daniel William John Ings
436,0.363,From Throw In,0,Saved,0,8.06225774829855,7.125016348901798,Łukasz Fabiański,0.7544738360147217,Other,Nathan Redmond
437,0.225581,From Throw In,0,Saved,1,7.280109889280518,15.945395900922854,Łukasz Fabiański,0.27472112789737807,Other,Oriol Romeu Vidal
438,1.016914,Regular Play,0,Goal,0,15.264337522473747,31.607502246248906,Alex McCarthy,0.6215030928487814,Pass,Felipe Anderson Pereira Gomes
439,0.705834,From Counter,0,Saved,0,15.811388300841896,71.56505117707799,Alex McCarthy,0.681175454637056,Pass,Felipe Anderson Pereira Gomes
440,0.1863,From Counter,0,Saved,0,17.804493814764857,51.84277341263094,Neil Leonard Dula Etheridge,0.15886029415790753,Pass,Jamie Vardy
441,0.2731,From Corner,1,Saved,1,7.280109889280518,15.945395900922854,Alex McCarthy,0.7004041959724749,Cross,Sergio Leonel Agüero del Castillo
442,0.354599,From Throw In,1,Saved,0,13.601470508735444,53.97262661489639,Alex McCarthy,0.6936000872845107,Pass,Riyad Mahrez
443,0.1606,Regular Play,0,Blocked,1,14.212670403551895,39.28940686250036,Jordan Pickford,0.8472436380275853,Pass,Florin Andone
444,0.448879,From Corner,0,Goal,1,3.1622776601683795,18.43494882292201,Jordan Pickford,1.0,Other,Jürgen Locadia
445,0.686422,From Corner,1,Goal,0,8.06225774829855,82.8749836510982,Łukasz Fabiański,0.7544738360147217,Pass,Shane Duffy
446,0.424,Regular Play,0,Goal,1,9.486832980505138,18.43494882292201,Łukasz Fabiański,0.5374838498865699,Pass,Joshua King
447,0.780255,Regular Play,1,Off T,1,8.602325267042627,54.46232220802562,Sergio Rico González,0.6575959492214292,Cross,Pierre-Emerick Aubameyang
448,0.977588,Regular Play,0,Off T,0,19.79898987322333,45.0,Bernd Leno,0.679510628230016,Pass,Kouassi Ryan Sessegnon
449,0.598354,From Free Kick,0,Saved,0,12.083045973594572,65.55604521958347,Sergio Rico González,0.555174907648204,Pass,Alexandre Lacazette
450,0.857685,From Counter,1,Saved,0,15.0,36.86989764584402,Sergio Rico González,0.5962847939999439,Pass,Alexandre Lacazette
451,0.636557,Regular Play,0,Saved,0,12.806248474865697,38.659808254090095,Sergio Rico González,0.3312945782245396,Pass,Pierre-Emerick Aubameyang
452,1.059957,From Throw In,0,Wayward,0,20.518284528683193,43.025065989118026,Ben Foster,0.7245278583858574,Pass,Callum Wilson
453,0.1877,From Keeper,0,Saved,0,10.0,36.86989764584402,Ben Foster,0.223606797749979,Other,Joshua King
454,0.2311,Regular Play,0,Saved,0,12.806248474865697,51.34019174590991,Tom Heaton,0.3904344047215152,Pass,Gerard Deulofeu Lázaro
455,0.2897,From Throw In,0,Saved,1,8.246211251235321,14.036243467926479,Ben Foster,0.12126781251816648,Pass,Jeff Hendrick
456,0.137465,From Throw In,0,Wayward,0,11.661903789690601,59.03624346792648,David de Gea Quintana,0.3834824944236852,Pass,Harry Winks
457,0.96861,Regular Play,0,Goal,0,20.0,53.13010235415598,Hugo Lloris,0.8200609733428363,Pass,Marcus Rashford
458,0.763286,From Free Kick,0,Saved,0,14.422205101855956,56.309932474020215,David de Gea Quintana,0.80860754006264,Pass,Harry Kane
459,0.728303,From Counter,0,Saved,0,10.63014581273465,48.81407483429035,David de Gea Quintana,0.5321520841901914,Pass,Bamidele Alli
460,0.525613,From Corner,0,Saved,1,8.54400374531753,69.44395478041653,David de Gea Quintana,0.7402332101976054,Pass,Toby Alderweireld
461,0.996,From Free Kick,0,Post,1,14.317821063276353,12.094757077012101,Ederson Santana de Moraes,0.20952908873087345,Pass,Sadio Mané
462,0.5158,From Goal Kick,0,Saved,1,17.69180601295413,47.29061004263853,Ederson Santana de Moraes,0.6008513661607606,Pass,Mohamed Salah
463,0.767501,From Free Kick,0,Goal,0,9.433981132056603,32.005383208083494,Julián Speroni,0.4740454631399773,Other,Mohamed Salah
464,0.4652,From Throw In,1,Saved,0,12.206555615733702,55.00797980144134,Łukasz Fabiański,0.6951413356361906,Pass,Alexandre Lacazette
465,0.073,From Throw In,0,Blocked,0,15.652475842498529,63.43494882292202,Bernd Leno,0.8305395344999218,Pass,Marko Arnautović
466,1.0355,From Corner,0,Saved,1,11.704699910719626,70.01689347810003,Bernd Leno,0.8105148404374487,Pass,Michail Antonio
467,0.836787,From Throw In,0,Off T,1,10.770329614269007,68.19859051364818,Jordan Pickford,0.6695340634119862,Cross,James Ward-Prowse
468,1.407862,From Counter,1,Post,0,13.45362404707371,41.987212495816664,Jordan Pickford,0.6852833426171311,Pass,Nathan Redmond
469,0.751103,From Goal Kick,0,Saved,1,15.033296378372908,3.8140748342903543,Jordan Pickford,0.8647471368090611,Pass,Shane Long
470,0.67124,Regular Play,0,Off T,1,3.605551275463989,56.309932474020215,Ben Foster,0.5547001962252291,Other,Fernando Llorente Torres
471,1.878617,From Goal Kick,0,Off T,0,18.384776310850235,45.0,Hugo Lloris,0.8158924398306318,Pass,Gerard Deulofeu Lázaro
472,0.4567,From Free Kick,0,Off T,0,11.180339887498949,79.69515353123397,Hugo Lloris,0.6324555320336759,Pass,Troy Deeney
473,0.9663,From Counter,1,Saved,1,11.827087553578018,71.2586595548073,Asmir Begović,0.7630758910856714,Pass,Shane Long
474,0.673,From Free Kick,0,Goal,0,11.180339887498949,63.43494882292202,Jonas Lössl,0.6449806198638839,Pass,Gonzalo Gerardo Higuaín
475,0.8718,From Throw In,1,Off T,1,9.899494936611665,45.0,Jonas Lössl,0.7889543583705186,Cross,Gonzalo Gerardo Higuaín
476,0.714875,Regular Play,0,Saved,0,12.041594578792296,4.763641690726177,Tom Heaton,0.3321819194149599,Pass,Daniel William John Ings
477,0.38516,Regular Play,0,Goal,1,5.0,36.86989764584402,Sergio Rico González,0.4,Other,Jeffrey Schlupp
478,0.863734,From Kick Off,1,Off T,0,16.401219466856727,52.43140797117251,Vicente Guaita Panadero,0.866561808545553,Pass,Luciano Vietto
479,0.531261,From Free Kick,0,Off T,1,11.40175425099138,52.1250163489018,Ben Foster,0.9029864978971809,Pass,Davy Pröpper
480,2.170614,Regular Play,0,Off T,0,14.866068747318506,47.72631099390627,Ben Foster,0.7276068751089989,Pass,Jürgen Locadia
481,0.493499,From Throw In,1,Saved,0,14.212670403551895,39.28940686250036,Łukasz Fabiański,0.6052574936862545,Pass,Divock Okoth Origi
482,0.353319,Regular Play,0,Goal,0,4.242640687119285,45.0,Hugo Lloris,0.6666666666666667,Other,Ashley Barnes
483,0.878557,Regular Play,0,Goal,0,9.433981132056603,57.9946167919165,Kasper Schmeichel,0.711068194709966,Pass,Wilfried Zaha
484,0.889594,From Throw In,0,Goal,0,17.029386365926403,40.236358309273825,Kasper Schmeichel,0.7071067811865475,Pass,Wilfried Zaha
485,0.4059,From Counter,0,Off T,1,8.06225774829855,60.25511870305777,David de Gea Quintana,0.8944271909999159,Cross,Luciano Vietto
486,0.558193,Regular Play,0,Goal,1,14.866068747318506,70.3461759419467,Sergio Rico González,0.724490771389156,Pass,Paul Pogba
487,0.2507,From Throw In,0,Saved,0,11.40175425099138,15.255118703057775,Sergio Rico González,0.6679474875720742,Other,Alexis Alejandro Sánchez Sánchez
488,0.657102,From Throw In,0,Off T,1,4.123105625617661,14.036243467926479,Kasper Schmeichel,0.7276068751089989,Cross,Chris Wood
489,0.538936,From Counter,0,Saved,0,8.602325267042627,35.53767779197438,Kasper Schmeichel,0.4191368221424546,Pass,Matěj Vydra
490,0.600573,From Counter,0,Goal,0,10.295630140987,60.94539590092286,Mathew Ryan,0.412081691846067,Pass,Pierre-Emile Højbjerg
491,0.525246,From Corner,0,Off T,1,8.246211251235321,75.96375653207353,Angus Gunn,0.5,Pass,Bernardo Fernandes da Silva Junior
492,0.5229,From Corner,0,Saved,0,11.313708498984761,45.0,Łukasz Fabiański,0.7499999999999999,Pass,Terence Kongolo
493,0.3019,Regular Play,0,Saved,1,11.788553770501276,10.261374717234398,Angus Gunn,0.6206376144157858,Cross,Andre Gray
494,0.342705,From Free Kick,0,Post,0,9.433981132056603,57.9946167919165,Rui Pedro dos Santos Patrício,0.1499063377991723,Pass,Chris Wood
495,1.009542,Regular Play,1,Off T,0,16.85823241030921,41.633539336570216,Hugo Lloris,0.8374166905322487,Pass,Jeffrey Schlupp
496,0.145799,From Throw In,0,Saved,0,8.246211251235321,75.96375653207353,Sergio Rico González,0.6530471562110152,Pass,Andrew Robertson
497,0.5612,Regular Play,0,Saved,0,14.317821063276353,24.775140568831922,Sergio Rico González,0.5630925063714729,Pass,Mohamed Salah
498,0.620712,From Throw In,0,Off T,0,13.511846653955189,61.72796392056727,Bernd Leno,0.7711879071865888,Pass,Raúl Alonso Jiménez Rodríguez
499,0.6326,From Free Kick,0,Saved,1,5.0990195135927845,11.309932474020215,Sergio Rico González,0.3922322702763681,Other,Nicolás Hernán Otamendi
500,0.887,From Throw In,1,Post,1,14.866068747318506,42.27368900609374,Sergio Rico González,0.6659120918162917,Pass,Kyle Walker
501,0.827327,Regular Play,1,Off T,0,19.4164878389476,11.888658039627975,Bernd Leno,0.6871306579640137,Other,Bobby Reid
502,1.199088,Regular Play,1,Goal,0,17.204650534085253,54.46232220802562,Neil Leonard Dula Etheridge,0.7819760140096923,Pass,Alexandre Lacazette
503,0.6456,From Counter,0,Goal,0,14.560219778561036,15.945395900922854,Mathew Ryan,0.35020209798623747,Pass,Eden Hazard
504,0.9999,From Throw In,1,Goal,0,21.95449840010015,59.93141717813756,Tom Heaton,0.6195300052345263,Pass,André Schürrle
505,1.328576,From Throw In,1,Goal,0,14.866068747318506,19.65382405805331,Martin Dúbravka,0.42543562981151706,Pass,Pedro Eliezer Rodríguez Ledesma
506,0.9984,From Throw In,1,Off T,0,20.12461179749811,26.565051177077994,Kepa Arrizabalaga Revuelta,0.5187830013301667,Pass,Ayoze Pérez Gutiérrez
507,0.1174,From Counter,0,Blocked,0,12.806248474865697,38.659808254090095,Kasper Schmeichel,0.8834522085987724,Pass,Stuart Armstrong
508,1.1106,From Keeper,0,Goal,0,13.341664064126334,77.0053832080835,Kasper Schmeichel,0.38218767082460553,Other,Shane Long
509,0.4253,Regular Play,0,Saved,0,13.97139935725838,66.3706222693432,Ben Foster,0.7938351090294944,Other,Alexis Alejandro Sánchez Sánchez
510,0.762683,Regular Play,0,Off T,1,13.354400023962137,39.530905029888075,Kepa Arrizabalaga Revuelta,0.733878734590546,Pass,Michail Antonio
511,0.4178,Regular Play,0,Off T,1,6.053924347066125,67.67134362198088,Asmir Begović,0.6898207450491298,Cross,Nathaniel Mendez-Laing
512,1.221,From Keeper,0,Off T,0,9.167878707749145,13.88466768525818,Kepa Arrizabalaga Revuelta,0.8726118936584538,Cross,Callum Wilson
513,1.012384,From Counter,0,Saved,0,19.412367192076296,27.621074983075527,Kasper Schmeichel,0.5621589768123423,Pass,Joshua King
514,0.3707,From Corner,0,Saved,1,7.810249675906654,39.8055710922652,Sergio Rico González,0.8097763301789161,Other,Manolo Gabbiadini
515,0.5748,Regular Play,0,Saved,0,12.083045973594572,24.443954780416536,Alex McCarthy,0.9252915127470066,Pass,Aleksandar Mitrović
516,1.010335,From Free Kick,0,Goal,1,6.4031242374328485,38.659808254090095,Alex McCarthy,1.1043152607484654,Other,Aleksandar Mitrović
517,0.813374,From Free Kick,0,Goal,1,17.029386365926403,40.236358309273825,Sergio Rico González,0.5988494716163419,Pass,Callum Wilson
518,0.2735,Regular Play,0,Saved,0,13.0,67.38013505195957,Sergio Rico González,0.5160156871153361,Pass,Mohamed Salah
519,0.917295,From Goal Kick,0,Off T,0,17.72004514666935,16.389540334034784,Alisson Ramsés Becker,0.630943081406336,Pass,Kouassi Ryan Sessegnon
520,1.097151,From Throw In,0,Off T,0,18.867962264113206,57.9946167919165,Alisson Ramsés Becker,0.7362980588461946,Pass,Kouassi Ryan Sessegnon
521,0.788775,From Free Kick,0,Goal,0,18.384776310850235,45.0,Sergio Rico González,0.34828404377451605,Pass,Mohamed Salah
522,0.778941,From Free Kick,0,Goal,0,8.602325267042627,35.53767779197438,Sergio Rico González,0.8382736442849092,Cross,Xherdan Shaqiri
523,0.4231,From Counter,0,Saved,0,9.219544457292887,40.60129464500447,David de Gea Quintana,0.8471405189362208,Pass,Ryan Fraser
524,0.1675,From Goal Kick,0,Saved,1,3.605551275463989,33.690067525979785,David de Gea Quintana,0.8770580193070293,Cross,Callum Wilson
525,0.9571,From Corner,0,Goal,1,5.830951894845301,30.96375653207352,David de Gea Quintana,0.8574929257125441,Cross,Callum Wilson
526,0.586,Regular Play,0,Post,1,6.555150646628949,21.47679097954039,Fabricio Martín Agosto Ramírez,0.647222453888393,Cross,Harry Kane
527,0.637494,Regular Play,0,Saved,0,15.0,36.86989764584402,Kasper Schmeichel,0.6666666666666666,Pass,Beram Kayal
528,0.938,Regular Play,0,Saved,1,12.739309243440166,4.502189492040974,Łukasz Fabiański,0.7718313964070357,Pass,Callum Wilson
529,0.79,From Throw In,0,Off T,1,14.500000000000004,53.13010235415597,Asmir Begović,0.742172791095877,Pass,Marko Arnautović
530,0.0553,From Throw In,0,Saved,0,5.656854249492381,45.0,Alisson Ramsés Becker,0.35355339059327373,Cross,Alexandre Lacazette
531,0.305611,From Throw In,0,Saved,0,7.0,0.0,Bernd Leno,0.42857142857142855,Pass,Virgil van Dijk
532,1.3776,From Counter,0,Off T,0,13.892443989449804,59.743562836470744,Alisson Ramsés Becker,0.7410956739365446,Pass,Alexandre Lacazette
533,0.717919,From Corner,0,Goal,1,6.324555320336759,18.43494882292201,Rui Pedro dos Santos Patrício,0.7905694150420948,Pass,Virgil van Dijk
534,0.948772,Regular Play,0,Goal,1,9.848857801796104,23.962488974578182,Jordan Pickford,0.8185982487053739,Cross,Harry Kane
535,1.046926,From Corner,1,Wayward,1,19.1049731745428,42.87890360333855,Jordan Pickford,0.827605888602368,Pass,Harry Kane
536,1.0913,From Goal Kick,1,Saved,1,21.095023109728988,58.57043438516149,Mathew Ryan,0.9204297970165649,Pass,Pierre-Emerick Aubameyang
537,0.7713,From Throw In,0,Goal,0,11.313708498984761,45.0,Mathew Ryan,1.0,Pass,Pierre-Emerick Aubameyang
538,0.5626,Regular Play,0,Saved,0,14.317821063276353,12.094757077012101,Mathew Ryan,0.8496771266264587,Pass,Pierre-Emerick Aubameyang
539,1.75567,From Throw In,0,Off T,0,21.95449840010015,30.068582821862453,Bernd Leno,0.4905750711307472,Pass,Solomon March
540,1.3401,From Goal Kick,0,Goal,1,13.45362404707371,41.987212495816664,Bernd Leno,0.3162277660168382,Pass,André Schürrle
541,0.803878,Other,0,Goal,0,9.848857801796104,23.962488974578182,Jordan Pickford,0.6176109608556767,Other,Paul Pogba
542,0.8447,From Counter,0,Saved,0,16.15549442140351,68.19859051364818,Jordan Pickford,0.7245027360606633,Pass,Marcus Rashford
543,0.3218,Regular Play,0,Saved,0,8.06225774829855,7.125016348901798,Jordan Pickford,0.3721042037676254,Pass,Anthony Martial
544,0.98073,From Keeper,0,Saved,0,21.840329667841555,74.05460409907715,Łukasz Fabiański,0.9439201899247569,Cross,Alireza Jahanbakhsh
545,0.4487,Regular Play,0,Saved,1,12.041594578792296,48.366460663429805,Bernd Leno,0.8827855599337736,Pass,Kevin De Bruyne
